地点,经纬度
伟记奥面馆(白塔东路店),"120.580010,31.291920"
同得兴·传统苏式面馆(十全街店),"120.710116,31.235696"
洞庭山莊·湖景·农家菜·民宿(岱心湾小镰仓店),"120.405141,31.110249"
CAPRAIBEXCOFFEE羍市(菉葭巷店),"120.632722,31.315891"
孙盛兴奥灶面馆(山塘街店),"120.629892,31.320814"
江南雅厨(李公堤店),"120.623977,31.289787"
SERA NERA 青酱意大利厨房(吴衙场店),"120.637557,31.299425"
青鹤谷(苏州店),"120.693277,31.297477"
江南雅厨(苏州中心店),"120.623977,31.289787"
苏枕河精致苏帮菜 好吃不贵(山塘街店),"120.606702,31.315348"
暖食·手作(观前店),"120.627231,31.309174"
苏城家宴(李公堤店),"120.689255,31.302279"
有时无界·港式餐厅(苏州中心店),"120.678065,31.319264"
玖泉里烤肉,"120.611356,31.307818"
古洋食坊OldMelodie(苏州中心店),"120.678591,31.318078"
金海华·苏SHOW(李公堤旗舰店),"120.441521,31.437350"
裕面堂·精品苏式面馆(山塘街店),"120.710116,31.235696"
绣园苏式火锅(大洋百货总店),"120.621623,31.308518"
裕兴记·精品苏式面馆(金鸡湖店),"120.664105,31.316337"
兴发野菜馆·农家乐(西山长沙岛店),"120.365617,31.193626"
十二道丰味·徐州土菜·地锅小公鸡(何山路店),"120.640699,31.357816"
ROSEMANOR露丝玛娜,"120.620659,31.308090"
豆壳·苏式创意菜(平江路店),"120.605366,31.314739"
裕兴记(观前1号店),"120.606156,31.309095"
新梅华餐厅(星悦汇店),"121.110430,31.442760"
水宴餐厅(明月湾店),"120.387821,31.219442"
万泰兴·苏式面馆(十全街店),"120.607640,31.303434"
CRAZYONES克芮旺斯西班牙餐厅(苏州中心店),"120.676932,31.317779"
伴园私房菜·配餐(平江路总店),"120.611856,31.298361"
马头巷·隐庐居(园区店),"121.036954,31.657483"
金海华·小爱都市情感餐厅(信投大厦店),"120.715585,31.318286"
我的收藏(泉屋百货店),"120.549154,31.283183"
金海华·赫本时光城市风尚餐厅(现代传媒广场店),"120.548963,31.282080"
江南雅厨(泰华商城店),"120.623977,31.289787"
米桃-枫桥夜泊·牡丹亭(龙湖狮山天街店),"120.694003,31.302281"
马头巷·红油龙虾(苏州总店),"121.036954,31.657483"
金海华·Winsun玲珑国际·赫本时光(园区金鸡湖店),"120.548963,31.282080"
金海华·悦食东方(苏州中心商场店),"120.548963,31.282080"
裕兴记·精品面馆(演艺中心店),"120.606156,31.309095"
鳥王烧鳥·炭火串烧居酒屋(协鑫广场店),"120.669626,31.311668"
雲湖岚院特色农家乐(苏式东山味东山店),"120.384815,31.101150"
听香堂私家菜(平江路店),"120.632337,31.323399"
蒋先生茶餐厅(星合广场店),"120.627469,31.253564"
十四不搭·苏式打边炉(仓街店),"120.636607,31.318839"
YAMAKAWA(龙湖胥江天街店),"120.596819,31.291255"
星洲小馆·新加坡菜(园区久光店),"120.554565,31.300138"
呼吸森林(临湖店),"120.438513,31.126042"
拾壹雅苑(苏州协鑫广场店),"120.715022,31.324473"
星怡会·新加坡新美食(苏州中心店),"120.677491,31.317571"
苏面坊(苏州托尼洛·兰博基尼书苑酒店),"120.601591,31.318161"
嘿叔烧烤(湖滨店),"120.611108,31.367757"
素满香·素食自助餐(苏州·观前街店),"120.642635,31.162190"
王品牛排(苏州金鹰店),"120.551510,31.293674"
谢园饭局,"120.639403,31.147981"
洋洋中餐馆(信投店),"120.635875,31.299172"
徐州老院子全羊馆(娄葑店),"120.662985,31.289425"
SPACELAB失重餐厅(苏州中心店),"120.677362,31.316176"
Hong|247川味音乐餐厅(湖滨店),"120.640347,31.306175"
泰加泰式概念餐厅(苏州中心店),"120.677986,31.315694"
重庆高老九火锅(苏州中心店),"120.678320,31.319644"
雀蓝川菜(星悦汇店),"120.678271,31.319744"
百盛·鼎膳(中海财富中心),"120.741298,31.643914"
万鱼亭·鹤家新馆日本料理铁板烧(湖滨新天地店),"120.682919,31.315564"
宝燕海货工场(园区店),"120.626837,31.373662"
simply thai天泰(苏州中心店),"120.951150,31.291680"
ALPES 阿尔卑斯法式甜品商店(天域店),"120.675029,31.319299"
中茵皇冠假日酒店·圣汐西餐厅,"120.682314,31.321979"
唐诗楼(李公堤店),"120.693181,31.297393"
金海华·小爱都市情感餐厅(奥体中心商业广场店),"120.715585,31.318286"
大蔬无界(诚品店),"120.710368,31.320985"
王品牛排(湖滨店),"120.551510,31.293674"
满月新馆(李公堤店),"120.689663,31.302522"
华餐馆(莫邪路店),"120.645397,31.297631"
哥老官重庆美蛙鱼头(苏州中心店),"120.616456,31.135872"
湖鲜楼农家乐(西山长沙岛店),"120.364964,31.192179"
雀蓝川菜(龙湖狮山天街店),"120.678271,31.319744"
苏州W酒店·苏滟中餐厅,"120.679321,31.313889"
喜乐港式手工火锅(观前街店),"120.620913,31.308109"
鹿十(星海街店),"120.672326,31.309143"
红楼HONGLOU(十全街店),"120.556895,31.294377"
金科土火锅·重庆火锅自助(元和店),"120.643861,31.419082"
润记·广东餐馆(苏州中心店),"120.632808,31.299229"
三星羊肉馆(藏书店),"120.449456,31.275996"
丰茂烤串(苏悦广场店),"120.555063,31.300210"
太二酸菜鱼(苏州中心店),"120.557032,31.294474"
烟雨人家特色农家菜(周庄古镇景区店),"120.851409,31.115350"
农乐园炭火烤肉·夜宵(星海街店),"120.599241,31.309444"
苏州太湖万丽酒店-万丽轩中餐厅,"120.392462,31.220135"
Wagas沃歌斯(苏州中心店),"120.928852,31.381823"
江楠邨泥炉炭烤(相城店),"120.619305,31.363208"
和创柚子日本料理(新区淮海街店),"120.667877,31.311462"
润记·广东餐馆(狮山龙湖天街店),"120.632808,31.299229"
和创柚子日本料理(园区师惠坊店),"120.667877,31.311462"
八珍手工水饺·妈妈的爱(传芳巷店),"120.632619,31.320581"
美虾美蟹·生炒龙虾·蟹粉捞饭(园区店),"120.548543,31.862521"
蟹天蟹地农家菜·阳澄湖大闸蟹(浅水湾店),"120.578037,31.320520"
秦记水佬坊香港火锅(苏悦广场店),"120.669274,31.315619"
金色三麦精酿啤酒餐厅(新区金河店),"120.677948,31.315739"
锅爷打边炉·莫邪路店,"120.646625,31.290246"
所选酒店(苏州观前街七里山塘店) ,"120.608847,31.309579"
蔚徕酒店(苏州相城大道环球港店) ,"120.861341,31.277718"
艺龙安悦酒店(苏州寒山寺山塘街店) ,"120.581271,31.311939"
H酒店(苏州留园寒山寺虎丘婚纱城店) ,"120.573546,31.315089"
长风归隐酒店(苏州拙政园平江路店) ,"120.635842,31.324548"
嘉宝酒店(苏州观前街十全街店) ,"120.635675,31.292327"
新竹酒店(苏州网师园南门地铁站店) ,"120.630296,31.292577"
如家精选酒店(苏州火车站苏锦地铁站店) ,"120.603939,31.336687"
安渡酒店(苏州观前街七里山塘店) ,"120.610878,31.309814"
如家酒店·neo(苏州观前南门地铁站店) ,"120.628621,31.293021"
斯维登精品公寓(横山地铁站宝龙广场店) ,"120.574446,31.277036"
雅朵酒店(苏州观前街察院场地铁站酒店) ,"120.620392,31.314646"
苏州花惜美拾酒店(木渎古镇店) ,"120.758685,31.628264"
苏州金陵雅都大酒店 ,"120.597674,31.299278"
城市艺漫酒店(苏州山塘街寒山寺店) ,"120.581945,31.312014"
斯维登精品公寓(苏州博物馆西馆店) ,"120.574446,31.277036"
苏州拙政别苑酒店(观前街拙政园店) ,"120.631357,31.324338"
苏州观前街平江路CitiGO欢阁酒店 ,"120.635586,31.308801"
如家商旅酒店(苏州新区何山路地铁站店) ,"120.548414,31.305560"
苏州LBED精选酒店(观前街乐桥地铁站店) ,"120.622324,31.306404"
苏州拙政世家酒店(观前街拙政园店) ,"120.631546,31.324513"
如家商旅酒店(苏州火车站店) ,"120.611733,31.333090"
如家商旅酒店(苏州木渎古镇渎川桥地铁站店) ,"120.517366,31.254291"
拙政园,"120.629211,31.324194"
寒山寺,"120.568391,31.310469"
周庄,"120.850928,31.114658"
狮子林,"120.629095,31.321068"
虎丘山风景名胜区,"120.579692,31.332788"
留园,"120.592260,31.315369"
苏州博物馆,"120.627461,31.321222"
同里古镇,"120.723765,31.154999"
山塘街,"120.603229,31.315385"
金鸡湖,"120.656032,31.305719"
姑苏水上游,"120.611725,31.291712"
耦园,"120.638350,31.316230"
观前街,"120.626373,31.311266"
苏州古运河,"120.611501,31.291720"
苏州乐园森林世界,"120.477035,31.323242"
天平山,"120.497738,31.291637"
沙家浜风景区,"120.803913,31.554585"
盘门,"120.617433,31.288607"
西园寺,"120.587334,31.314823"
苏州博物馆西馆,"120.548055,31.289366"
怡园,"120.621266,31.307521"
尚湖风景区,"120.688717,31.644384"
可园,"120.625003,31.295432"
上方山森林动物世界,"120.582076,31.238321"
千灯古镇,"121.002560,31.266348"
苏州湾王焰温泉,"120.583771,31.080041"
东太湖生态旅游度假区,"120.539004,31.044328"
黎里古镇,"120.711281,30.988861"
白马涧龙池景区,"120.499827,31.316429"
枫桥夜泊,"121.025681,31.244603"
苏州园林博物馆,"120.629196,31.323113"
苏州上方山国家森林公园,"120.583049,31.245575"
苏州湾梦幻水世界,"120.598065,31.090134"
重元寺,"120.781295,31.406252"
阳澄湖半岛旅游度假区,"120.783299,31.409607"
苏州乐园森林水世界,"120.472594,31.331417"
东方之门展示中心,"120.679456,31.316817"
穹窿山,"120.434686,31.262840"
山塘昆曲馆,"120.744118,31.641646"
苏州御窑金砖博物馆,"120.612092,31.362391"
退思园,"120.720272,31.157833"
十全街,"120.634257,31.299004"
环秀山庄,"120.613522,31.310945"
震泽古镇,"120.506123,30.914921"
虎丘湿地公园,"120.571201,31.365051"
严家花园,"120.508918,31.252685"
虎丘塔,"120.580491,31.335830"
苏州本色美术馆,"120.671814,31.254203"
太湖西山国家森林公园缥缈峰景区,"120.255924,31.116207"
明月湾古村,"120.273536,31.067400"
大如意圣境,"120.242876,31.100790"
苏州太湖湖滨国家湿地公园,"120.443173,31.220035"
洞庭东山,"120.605194,31.316597"
吴文化博物馆,"120.648596,31.253742"
启园,"120.413505,31.097541"
苏州丝绸博物馆,"120.618228,31.322841"
